id,precipitation (mm/yr),w,B,Q (kg/s),A (km^2),R (km),T(C),Qs (MT/y),Qs (T/y),density (kg/m^3),volume (m^3/yr),erosion (m/yr),erosion (mm/yr),fault_id,distance
0,61.0,0.0006,1,22.61583529781505,0.6192579444440941,0.169,23.041667175292968,0.03272171620723734,32721.716207237343,2700,12.119154150828646,1.9570445982260224e-05,0.019570445982260223,0,2753.70401485
2,118.6470588235294,0.0006,1,108.48915822655756,5.568685668993144,1.809,17.101307259353938,11.213938528379519,11213938.528379519,2700,4153.310566066489,0.0007458331845146927,0.7458331845146927,0,3934.40691032
3,114.97222222222223,0.0006,1,96.31280955244175,4.668678235650438,1.926,17.07152773539225,8.870700500952037,8870700.500952037,2700,3285.444629982236,0.0007037205102065703,0.7037205102065702,0,3542.26035761
5,61.5,0.0006,1,28.875796569579634,0.9146657128603762,0.153,22.62916717529297,0.05486654650492747,54866.54650492747,2700,20.320943149973136,2.2216797748354133e-05,0.022216797748354132,0,5394.76780283
6,68.0,0.0006,1,34.08622878919963,1.1367032022485322,0.242,21.854166412353514,0.12294953775144023,122949.53775144022,2700,45.53686583386675,4.006047114478915e-05,0.04006047114478915,0,5695.73910603
7,102.79591836734694,0.0006,1,105.48085947952754,5.717357999198864,1.763,18.175850350516182,11.594909087059136,11594909.087059136,2700,4294.410772984866,0.0007511180467598169,0.7511180467598169,0,6260.01399756
8,67.75,0.0006,1,37.605010666796154,1.3343330627859722,0.237,21.875,0.15608372517954153,156083.72517954154,2700,57.8087871035339,4.332410603903807e-05,0.04332410603903807,0,7757.54528341
9,74.5,0.0006,1,47.831527398678055,1.8755921001974314,0.449,21.095833587646485,0.5098552863043975,509855.28630439745,2700,188.8352912238509,0.00010068036179293645,0.10068036179293645,0,7899.72584274
10,71.0,0.0006,1,35.833881826401836,1.2058586461181229,0.356,21.570833587646483,0.19909412076879646,199094.12076879645,2700,73.73856324770239,6.115025462153476e-05,0.06115025462153476,0,8166.64935931
13,120.88888888888889,0.0006,1,117.18215584891105,6.247124594795844,1.777,16.740740736704023,13.066371450077217,13066371.450077217,2700,4839.396833361932,0.0007746598871092444,0.7746598871092444,0,9237.05143972
14,65.0,0.0006,1,24.64854192375757,0.6892359032580561,0.246,22.225,0.055729770336976854,55729.77033697686,2700,20.6406556803618,2.9947156819301322e-05,0.029947156819301324,0,13408.1842861
15,98.0,0.0006,1,80.9113653396148,3.817874845001443,1.785,18.566666620427913,6.142633833215818,6142633.833215818,2700,2275.0495678577104,0.0005958942239388287,0.5958942239388286,0,14389.8477701
18,76.4,0.0006,1,44.01928071013045,1.6199079005639387,0.736,20.71499969482422,0.6522998238760721,652299.8238760721,2700,241.59252736150816,0.00014913966854375024,0.14913966854375024,0,17962.8963635
19,108.53333333333333,0.0006,1,71.73377936634472,2.987591338212655,1.618,17.577222188313804,3.6569996142237557,3656999.614223756,2700,1354.444301564354,0.0004533566168305531,0.45335661683055306,0,18275.9149434
20,88.0,0.0006,1,55.04578853792359,2.164602600714555,1.114,19.397222137451173,1.5448213180110923,1544821.3180110923,2700,572.1560437078119,0.00026432382716298043,0.2643238271629804,0,18570.2743847
21,72.66666666666667,0.0006,1,40.23543568192416,1.43684837925579,0.533,21.283333333333335,0.3934936760616326,393493.6760616326,2700,145.7383985413454,0.00010142921177029829,0.10142921177029829,0,19398.551759
22,69.0,0.0006,1,26.71077331436412,0.7615223444026773,0.373,21.633332824707033,0.09848104005607987,98481.04005607987,2700,36.474459280029585,4.7896768293305186e-05,0.047896768293305185,0,20760.6311829
23,86.33333333333333,0.0006,1,41.762989360062136,1.399879678502902,0.521,19.555555725097655,0.3573891984480034,357389.1984480034,2700,132.3663697955568,9.455553347064493e-05,0.09455553347064492,0,20913.3456965
24,174.39805825242718,0.0006,1,152.0365869180828,7.915900470583179,2.478,13.700566389954208,24.515429737583034,24515429.737583034,2700,9079.78879169742,0.0011470317022604624,1.1470317022604624,0,21573.3882917
25,75.0,0.0006,1,21.568338137835983,0.5173525569330617,0.171,20.84166717529297,0.023860695609548246,23860.695609548246,2700,8.837294670203054,1.7081764749732315e-05,0.017081764749732317,0,22242.6047466
26,88.0,0.0006,1,50.36229104636557,1.8753834576582469,1.205,19.452777608235678,1.328359048641847,1328359.048641847,2700,491.9848328303137,0.0002623382598482793,0.2623382598482793,0,22318.7534932
27,73.6,0.0006,1,47.00437134933721,1.8346713034627709,0.824,21.036666564941406,0.8969162701206185,896916.2701206185,2700,332.19121115578463,0.00018106306591747783,0.18106306591747784,0,23714.3533118
29,80.625,0.0006,1,53.01949286495523,2.128692003379671,1.233,20.143750190734863,1.6819111590176385,1681911.1590176385,2700,622.9300588954217,0.0002926351289460435,0.2926351289460435,0,24688.5178771
30,72.0,0.0006,1,36.985381904578276,1.260127734993727,0.779,21.20416717529297,0.4619070655731165,461907.06557311653,2700,171.07669095300614,0.00013576138847055672,0.13576138847055672,0,25213.9819931
31,77.0,0.0006,1,24.07613350219805,0.6097058354526123,0.376,20.416667175292968,0.0676131296595086,67613.12965950859,2700,25.04189987389207,4.107210136065425e-05,0.04107210136065425,0,26221.0901303
32,80.0,0.0006,1,36.59724176406359,1.1752923293336257,0.638,19.96666717529297,0.3287545441903341,328754.5441903341,2700,121.76094229271634,0.00010360055898752703,0.10360055898752703,0,27329.0227697
33,186.05769230769232,0.0006,1,126.12258288609775,5.669591379540502,2.163,13.356089753371018,12.394577126679087,12394577.126679087,2700,4590.584120992255,0.0008096851807624103,0.8096851807624104,0,27871.6598051
34,85.0,0.0006,1,39.15704086608821,1.271565409996044,0.684,19.59583282470703,0.400423583214029,400423.583214029,2700,148.30503082001073,0.00011663185366175705,0.11663185366175705,0,28283.4652661
35,156.46666666666667,0.0006,1,82.01804716953778,3.0884442740496176,1.947,14.787777760823568,4.375919371035237,4375919.371035237,2700,1620.710878161199,0.00052476610692933,0.52476610692933,0,29386.0597262
36,89.14285714285714,0.0006,1,56.11876817028731,2.2187014620398537,1.161,19.167857360839843,1.662509126498288,1662509.126498288,2700,615.7441209252919,0.00027752454823695943,0.27752454823695943,0,30228.7085316
37,76.0,0.0006,1,23.77337413017608,0.6013046116091509,0.439,20.59166717529297,0.07753408042108352,77534.08042108352,2700,28.716326081882784,4.7756703553353835e-05,0.04775670355335383,0,31295.2712046
38,84.0,0.0006,1,29.195952104144517,0.7966801086768026,0.419,19.69166717529297,0.11514746375533712,115147.46375533711,2700,42.647208798273006,5.3531158031678854e-05,0.053531158031678856,0,32046.345926
39,217.47457627118644,0.0006,1,170.89491383534224,8.559960911472903,2.951,12.373163837497518,32.04808932800377,32048089.328003768,2700,11869.66271407547,0.0013866491724473387,1.3866491724473387,0,32671.1587803
41,76.0,0.0006,1,28.582269156760397,0.8093498225405094,0.307,20.616667175292967,0.0878498584913902,87849.8584913902,2700,32.53698462644081,4.020138600180181e-05,0.04020138600180181,0,33461.1821416
43,76.25,0.0006,1,41.2391086121885,1.4595453958044842,0.682,20.55625,0.506298210660734,506298.210660734,2700,187.51785580027183,0.00012847689173580944,0.12847689173580945,0,34612.2157757
44,79.0,0.0006,1,38.81009092306041,1.300170842616689,0.863,20.254166412353516,0.5292020314039397,529202.0314039397,2700,196.00075237182952,0.0001507499983443435,0.1507499983443435,0,34928.9804325
45,92.5,0.0006,1,45.544320580332574,1.5553317920396048,1.104,18.925,0.8880010699663926,888001.0699663926,2700,328.88928517273797,0.00021145924416644547,0.21145924416644546,0,35583.7366057
46,70.0,0.0006,1,22.179652980095106,0.5602033907332175,0.163,21.44166717529297,0.026055408432016782,26055.408432016782,2700,9.650151271117327,1.722615648307092e-05,0.01722615648307092,0,36170.0353879
47,76.0,0.0006,1,36.18357254751319,1.1839172264459756,0.464,20.55833282470703,0.24518274763592848,245182.74763592848,2700,90.80842505034389,7.670166716210682e-05,0.07670166716210682,0,36346.4435931
48,69.0,0.0006,1,22.400107223170824,0.5733214519101764,0.225,21.71666717529297,0.037650888838981655,37650.88883898166,2700,13.944773644067281,2.432278366282384e-05,0.02432278366282384,0,36963.4563107
49,78.0,0.0006,1,32.20941763771561,0.9686862571068818,0.512,20.416666666666664,0.19569154438892603,195691.54438892604,2700,72.47834977367631,7.482128423101937e-05,0.07482128423101937,0,36624.0905206
50,140.8421052631579,0.0006,1,85.68528442134918,3.493208110966862,1.893,15.475877139442847,5.261236691047471,5261236.691047471,2700,1948.6061818694336,0.0005578271090553754,0.5578271090553754,0,37299.3916289
52,74.75,0.0006,1,37.95220113239206,1.289290560601998,0.723,20.770833206176757,0.44089100443739826,440891.0044373983,2700,163.2929646064438,0.00012665334688419556,0.12665334688419555,0,37807.7178669
54,109.58823529411765,0.0006,1,73.58721763962205,3.098058525405139,1.51,17.59803933536305,3.6348331645123073,3634833.1645123074,2700,1346.2345053749286,0.0004345413407575569,0.4345413407575569,0,38682.8429184
55,73.0,0.0006,1,38.135580147481896,1.3148354498439352,0.572,20.886110941569008,0.3594236267216977,359423.6267216977,2700,133.1198617487769,0.00010124450307799171,0.10124450307799171,0,39150.0979228
57,74.5,0.0006,1,32.02265695842555,0.981926318949892,0.603,20.579166412353516,0.2341168140114827,234116.8140114827,2700,86.70993111536396,8.830594459276204e-05,0.08830594459276205,0,39990.2237556
58,80.8,0.0006,1,43.360998378678396,1.5373651016357777,0.705,20.093333435058593,0.566589667067343,566589.667067343,2700,209.84802483975668,0.00013649849643163845,0.13649849643163844,0,40145.1288181
59,76.5,0.0006,1,33.97381323549146,1.0659991416998356,0.285,20.3375,0.1259490297800528,125949.02978005279,2700,46.64778880742696,4.3759687022864474e-05,0.04375968702286447,0,41977.3179295
60,96.14285714285714,0.0006,1,54.54268113047955,2.040466001871053,1.06,18.503571210588728,1.3097201736355606,1309720.1736355606,2700,485.0815457909483,0.0002377307660829151,0.2377307660829151,0,42537.6244808
61,84.66666666666667,0.0006,1,41.5934198437252,1.404345015771536,0.509,19.466666666666665,0.34726344730843833,347263.4473084383,2700,128.6160915957179,9.15843971041954e-05,0.0915843971041954,0,42655.1080597
62,96.25,0.0006,1,47.194607178824334,1.6148271523443147,0.918,18.458333206176757,0.7748271533887341,774827.1533887341,2700,286.97301977360524,0.00017771129210763766,0.17771129210763767,0,42785.2543938
63,212.20731707317074,0.0006,1,151.75785165068794,7.154933151920186,2.782,12.642276419662847,22.913445984931833,22913445.984931834,2700,8486.46147590068,0.001186099338136115,1.186099338136115,0,43209.8067393
65,87.25,0.0006,1,56.846008700120585,2.289699744762457,0.877,19.239583015441895,1.3177256869633538,1317725.6869633538,2700,488.04655072716804,0.00021314871167870092,0.21314871167870092,0,44498.0286977
67,204.71794871794873,0.0006,1,147.50101487848534,6.95790515810434,2.457,12.945512796059635,19.58615460576597,19586154.60576597,2700,7254.131335468877,0.0010425740464455027,1.0425740464455027,0,45365.2474102
68,84.66666666666667,0.0006,1,35.82613285886608,1.1038698029703884,0.352,19.513888549804687,0.1629879582429666,162987.95824296662,2700,60.36591046035801,5.4685715922222156e-05,0.054685715922222156,0,46727.7642172
69,85.66666666666667,0.0006,1,41.14498926268582,1.3719272651526222,0.594,19.33888905843099,0.3890606050623347,389060.6050623347,2700,144.0965203934573,0.00010503218651130681,0.10503218651130682,0,47392.0933833
70,104.25,0.0006,1,48.552141707790824,1.6242501782287284,1.065,17.737500381469726,0.8938293087251235,893829.3087251234,2700,331.04789212041607,0.00020381582625493644,0.20381582625493644,0,48148.3528916
71,80.33333333333333,0.0006,1,40.0344348355533,1.355572010693256,0.629,20.00277811686198,0.4096835333331131,409683.53333311307,2700,151.73464197522705,0.00011193403284981379,0.11193403284981379,0,48621.8217826
72,76.0,0.0006,1,31.548968391255976,0.9490983287293462,0.431,20.541667175292968,0.1590598543653654,159059.8543653654,2700,58.91105717235756,6.207055200616331e-05,0.06207055200616331,0,49080.9007084
73,71.0,0.0006,1,21.04995112730935,0.5112658443967221,0.219,20.96666717529297,0.029649859420316244,29649.859420316243,2700,10.981429414931942,2.1478902874667266e-05,0.021478902874667267,0,49264.5322788
74,89.16666666666667,0.0006,1,51.16735252722331,1.9113444970845055,0.897,19.03888880411784,1.0021141809005765,1002114.1809005765,2700,371.15340033354687,0.00019418446067660257,0.19418446067660258,0,49643.6883066
75,74.0,0.0006,1,26.81895333184769,0.7401548117571898,0.302,20.85833282470703,0.07502433898855504,75024.33898855504,2700,27.78679221798335,3.7541865264666955e-05,0.037541865264666956,0,49823.0947816
76,158.71951219512195,0.0006,1,138.41449348123896,7.13187130479521,2.448,15.016361729691667,21.772708132937936,21772708.132937934,2700,8063.9659751621975,0.001130694263894005,1.130694263894005,0,51420.2602257
78,71.5,0.0006,1,27.264241071501935,0.7732505295925703,0.23,20.966666412353515,0.06099891513141349,60998.915131413494,2700,22.592190789412406,2.9217168207199737e-05,0.029217168207199738,0,52180.1018763
79,73.5,0.0006,1,57.6333131027928,2.550659210433519,0.738,20.67361094156901,1.345705335711283,1345705.335711283,2700,498.4093835967715,0.00019540414554716624,0.19540414554716623,0,53291.0786183
81,71.0,0.0006,1,26.616962036242167,0.7464720370817962,0.242,20.916667175292968,0.060343588226785955,60343.588226785956,2700,22.349477121031835,2.9940139765185666e-05,0.029940139765185666,0,54086.7420216
82,68.0,0.0006,1,22.462215174276988,0.5801065573396815,0.164,21.35833282470703,0.027385634403285935,27385.634403285934,2700,10.142827556772568,1.748442148850497e-05,0.01748442148850497,0,54284.2604387
83,109.15,0.0006,1,80.65638258265881,3.5992490969377937,1.496,17.53666664123535,4.569624716774632,4569624.716774632,2700,1692.4535988054192,0.0004702240809743739,0.4702240809743739,0,55088.6512925
84,72.6,0.0006,1,47.302223400411016,1.8661800927044907,0.808,20.755000000000003,0.8882198120866307,888219.8120866307,2700,328.9703007728262,0.00017628003966973973,0.17628003966973974,0,55483.0005084
85,63.0,0.0006,1,36.91672424876926,1.3431020491340586,0.425,21.6875,0.2742090864266851,274209.0864266851,2700,101.55892089877226,7.561519317482284e-05,0.07561519317482285,0,56210.368861
86,59.0,0.0006,1,28.197098978818527,0.8986972142409219,0.202,22.025,0.06764510281322703,67645.10281322703,2700,25.053741782676678,2.7877845158158347e-05,0.027877845158158346,0,56669.3756477
87,88.3529411764706,0.0006,1,71.85264114039633,3.320106175690065,1.239,19.22941176470588,3.410226814350634,3410226.814350634,2700,1263.0469682780126,0.00038042366763029665,0.38042366763029667,0,56561.8975899
89,62.666666666666664,0.0006,1,32.26036179690249,1.083475702180574,0.261,21.855555216471352,0.11963052577949075,119630.52577949075,2700,44.30760214055213,4.089395087622162e-05,0.04089395087622162,0,57479.2588999
91,70.92307692307692,0.0006,1,61.010033994318064,2.8463328067739844,0.8,20.87948702298678,1.7403957230403657,1740395.7230403656,2700,644.5910085334688,0.0002264636823211282,0.22646368232112818,0,57992.7609342
92,123.3157894736842,0.0006,1,101.41883309614018,4.8996587394491895,0.967,15.638596464458265,4.508789288412599,4508789.288412599,2700,1669.921958671333,0.0003408241364293593,0.34082413642935927,1,71.6777807109
94,100.21428571428571,0.0006,1,70.88780238863019,3.050197389426909,1.107,17.763690730503626,2.55112378938608,2551123.78938608,2700,944.8606627355853,0.00030977033355638397,0.30977033355638395,1,3029.09366996
95,91.0,0.0006,1,28.720534548169848,0.745422884016466,0.293,18.583332824707032,0.06994194668481185,69941.94668481185,2700,25.90442469807846,3.475131399039025e-05,0.03475131399039025,1,3751.16715854
97,118.66666666666667,0.0006,1,73.3146671358935,2.959429473444813,1.334,16.277777735392252,2.826838879949599,2826838.879949599,2700,1046.977362944296,0.00035377675742534286,0.35377675742534287,1,5422.91217906
98,85.14285714285714,0.0006,1,51.25282863432833,1.9612606184654309,0.855,19.425,1.0016858514550235,1001685.8514550235,2700,370.99475979815685,0.00018916137728214728,0.18916137728214727,1,5834.99947279
100,124.42857142857143,0.0006,1,59.10639484931095,2.0418079724218225,1.338,15.802381025041853,1.531014341766757,1531014.341766757,2700,567.0423488025026,0.0002777158070011472,0.27771580700114723,1,6345.64904031
101,126.9,0.0006,1,66.30389771414004,2.4335227678040616,1.362,15.77,2.07938316970954,2079383.1697095402,2700,770.1419147072371,0.00031647203999746843,0.3164720399974684,1,7219.32882516
102,74.0,0.0006,1,27.123878141485143,0.7537752218349931,0.331,20.65,0.08384804516372225,83848.04516372226,2700,31.054831542119356,4.119906126194937e-05,0.04119906126194937,1,7734.58388043
103,98.71428571428571,0.0006,1,52.19555923930053,1.8758007195296154,1.112,18.082143075125558,1.181207489956522,1181207.489956522,2700,437.48425553945253,0.0002332253373104357,0.2332253373104357,1,8527.18263717
105,77.0,0.0006,1,25.749917826239564,0.6795157895429441,0.228,20.51666717529297,0.04910981643405141,49109.81643405141,2700,18.188820901500524,2.6767326354159757e-05,0.026767326354159758,1,9063.96061259
106,122.34782608695652,0.0006,1,86.94479584198551,3.8371971804096763,1.328,16.12355081309443,4.286153543136695,4286153.543136695,2700,1587.4642752358131,0.0004137041180318829,0.4137041180318829,1,10096.4040987
107,78.0,0.0006,1,31.474759969917187,0.9332997059541166,0.304,20.21666717529297,0.10832231956225903,108322.31956225903,2700,40.119377615651494,4.298659622381137e-05,0.04298659622381137,1,10748.1898354
108,98.0,0.0006,1,44.23748052127054,1.4417421059733875,0.899,18.011110941569008,0.61962568215439,619625.6821543899,2700,229.49099339051477,0.00015917617474005497,0.15917617474005497,1,11128.9708707
109,76.0,0.0006,1,23.515034423517477,0.5908006659656576,0.223,20.391666412353516,0.03790490620746678,37904.90620746678,2700,14.038854150913624,2.3762420998573626e-05,0.023762420998573626,1,11711.6597769
112,78.5,0.0006,1,32.595120617720276,0.9843144691791074,0.433,20.183333587646484,0.1682358344580984,168235.8344580984,2700,62.30956831781422,6.33025016586201e-05,0.0633025016586201,1,9431.73348121
114,82.33333333333333,0.0006,1,36.1412426857103,1.1353253796788063,0.515,19.705555216471353,0.24984495425052958,249844.95425052958,2700,92.53516824093688,8.150541677057894e-05,0.08150541677057895,1,13594.8730497
115,113.16666666666667,0.0006,1,69.4674713906684,2.778152271773587,0.971,16.829166666666666,1.892215643336734,1892215.643336734,2700,700.8206086432348,0.0002522614097735641,0.2522614097735641,1,14830.5715544
116,100.0,0.0006,1,47.578653296451094,1.6051050462060201,0.842,18.052083206176757,0.6964761896897882,696476.1896897882,2700,257.9541443295512,0.00016070857476853387,0.16070857476853387,1,15264.4759432
117,122.33333333333333,0.0006,1,79.69364740704052,3.3345714004691813,1.278,16.098611195882164,3.2804561805707166,3280456.1805707165,2700,1214.983770581747,0.0003643598006060978,0.3643598006060978,1,12666.4654776
118,106.11111111111111,0.0006,1,79.4331140997585,3.561543563463448,1.033,17.38888905843099,3.0490409586389546,3049040.9586389544,2700,1129.2744291255387,0.0003170744394959381,0.3170744394959381,1,16773.3775987
119,107.94915254237289,0.0006,1,109.6168168217997,5.936286809301361,1.105,17.305084719900357,7.465851032544337,7465851.032544337,2700,2765.1300120534584,0.0004658012830041959,0.4658012830041959,1,16941.1348563
120,77.75,0.0006,1,46.5249994183514,1.755765605736824,0.548,20.308333587646484,0.5454551053950544,545455.1053950543,2700,202.0204094055757,0.00011506114981720232,0.11506114981720232,1,18281.005825
121,89.83333333333333,0.0006,1,48.17967011785293,1.7281352537682664,0.844,18.969444529215494,0.7998155857621589,799815.585762159,2700,296.22799472672557,0.00017141482073280368,0.17141482073280367,1,18523.6441436
122,88.2,0.0006,1,47.29050991842118,1.6924431503617128,0.772,19.226666564941404,0.7127884139724123,712788.4139724124,2700,263.9957088786712,0.00015598497877003991,0.15598497877003992,1,19457.5035647
124,92.33333333333333,0.0006,1,43.982871315507865,1.4715605153477511,0.759,18.69722188313802,0.5511017782979246,551101.7782979247,2700,204.1117697399721,0.00013870429901534665,0.13870429901534664,1,20242.898902
125,94.55555555555556,0.0006,1,61.75091824568932,2.5135702242457505,0.804,18.549074130588107,1.3888776174744573,1388877.6174744572,2700,514.3991175831324,0.00020464879501725026,0.20464879501725025,1,20850.6202443
126,106.5,0.0006,1,58.086673130086936,2.1459019719793213,0.979,17.611458587646485,1.2894830869454954,1289483.0869454953,2700,477.5863284983316,0.00022255738367108122,0.22255738367108122,1,21530.2715085
128,120.78048780487805,0.0006,1,100.55037830273706,4.882618066187052,1.097,16.45386170177925,5.316945187948844,5316945.187948843,2700,1969.2389584995717,0.00040331619876985287,0.40331619876985286,1,22418.7279987
130,84.0,0.0006,1,31.57354399346716,0.9039070968092456,0.226,19.425,0.07517403216957261,75174.0321695726,2700,27.84223413687874,3.080209706856011e-05,0.030802097068560106,1,24500.2037485
131,93.0,0.0006,1,34.1632139928988,0.9755293367241795,0.381,18.666666412353514,0.14221390052241306,142213.90052241305,2700,52.67181500830113,5.39930610238465e-05,0.0539930610238465,1,24995.018805
135,119.0,0.0006,1,28.949046747202797,0.6602389545455687,0.43,16.5,0.08136526854623811,81365.26854623812,2700,30.135284646754858,4.564299703808974e-05,0.04564299703808974,1,27627.1613524
138,88.75,0.0006,1,43.34888942755376,1.4662326176409834,0.227,18.929166412353517,0.1638662250118108,163866.2250118108,2700,60.69119444881882,4.139260968458379e-05,0.04139260968458379,2,8443.78899997
139,88.5,0.0006,1,26.927681875624465,0.6812411815448344,0.11,19.0125,0.023018818257585345,23018.818257585346,2700,8.525488243550129,1.251464015169647e-05,0.01251464015169647,2,8673.37373369
141,86.0,0.0006,1,27.074005635493155,0.6971389483075054,0.086,19.55,0.01904006055389662,19040.06055389662,2700,7.05187427922097,1.0115450149989918e-05,0.010115450149989918,2,9731.8735534
144,92.88235294117646,0.0006,1,74.60440353878347,3.440497435729053,0.858,18.256862775017233,2.4124059476599116,2412405.9476599116,2700,893.4836843184858,0.00025969607622426655,0.25969607622426655,2,10905.9658139
145,94.18181818181819,0.0006,1,59.813472810638814,2.39233136144617,0.754,18.018939208984374,1.166466225372952,1166466.2253729522,2700,432.0245279159082,0.0001805872442581484,0.18058724425814843,2,11288.9773281
147,86.0,0.0006,1,32.75488690256789,0.947860642923002,0.301,19.325,0.1083572173440754,108357.2173440754,2700,40.13230272002792,4.2339876668228756e-05,0.042339876668228756,2,11966.6168419
149,121.58823529411765,0.0006,1,77.18186582755719,3.176389086925031,1.711,15.24362761553596,3.836529653056261,3836529.653056261,2700,1420.936908539356,0.00044734346758347644,0.44734346758347643,2,12811.9032817
150,84.0,0.0006,1,25.72282688444235,0.6494832114326261,0.147,20.1,0.029617695709976535,29617.695709976535,2700,10.969516929620939,1.6889608132324846e-05,0.016889608132324846,2,13117.1375298
151,98.27272727272727,0.0006,1,64.16610809646029,2.622966155471462,1.003,17.42348494096236,1.7647597630108123,1764759.7630108122,2700,653.6147270410415,0.00024918915773183446,0.24918915773183445,2,14079.719988
152,85.0,0.0006,1,25.23882666642734,0.6261702208425756,0.146,19.758332824707033,0.02735369333605219,27353.69333605219,2700,10.130997531871182,1.617930267945176e-05,0.01617930267945176,2,14327.4540473
154,148.58928571428572,0.0006,1,120.7683727111539,5.915552432354467,2.14,13.597767857142859,12.473294284009953,12473294.284009952,2700,4619.73862370739,0.0007809479632773154,0.7809479632773154,2,15137.8066171
155,84.0,0.0006,1,36.455216772238245,1.1397972133609389,0.26,20.008332824707033,0.12969486373103326,129694.86373103326,2700,48.0351347151975,4.214357971060089e-05,0.04214357971060089,2,15765.2852048
156,85.0,0.0006,1,32.37850503424946,0.9358119573519582,0.211,19.64166717529297,0.07534552031328887,75345.52031328887,2700,27.905748264181064,2.9819824426207593e-05,0.029819824426207592,2,16528.6419562
157,84.0,0.0006,1,35.88012956601613,1.1109369033415415,0.4,19.702777608235678,0.18848729991398838,188487.2999139884,2700,69.81011107925497,6.283895230167978e-05,0.06283895230167978,2,17649.267098
159,77.0,0.0006,1,13.966706860607683,0.25332641258751054,0.031,20.975,0.0013803505887425842,1380.3505887425843,2700,0.5112409587935497,2.018111548541918e-06,0.002018111548541918,2,17900.1404023
160,87.0,0.0006,1,44.32978319438851,1.5353275061722504,0.576,19.141666412353516,0.450246261089668,450246.26108966797,2700,166.7578744776548,0.00010861387802098429,0.10861387802098428,2,17349.0757643
162,78.0,0.0006,1,26.20106512708513,0.6943267587550134,0.129,20.725,0.029182221495063266,29182.221495063266,2700,10.808230183356764,1.556648947642006e-05,0.015566489476420059,2,19037.8763568
163,77.0,0.0006,1,39.88361242599856,1.376198974291621,0.159,20.93888905843099,0.10964219658995653,109642.19658995653,2700,40.608220959243155,2.950752159958967e-05,0.029507521599589668,2,19136.8939797
165,75.0,0.0006,1,25.364896396163946,0.6719879004830628,0.044,21.375,0.009618439031071506,9618.439031071506,2700,3.56238482632278,5.3012633467982635e-06,0.005301263346798263,2,20154.972774
166,76.0,0.0006,1,49.00623216937949,1.9311010470252032,0.286,21.179166793823242,0.34393982552380076,343939.82552380074,2700,127.38512056437064,6.596502071220103e-05,0.06596502071220103,2,22919.5968485
167,70.5,0.0006,1,37.31860408896184,1.292019220925412,0.075,21.720833587646485,0.04712847285065193,47128.47285065193,2700,17.454989944685902,1.350985315232673e-05,0.01350985315232673,2,24393.4361295
168,68.0,0.0006,1,32.72070155059154,1.0641621609419938,0.041,22.004166412353516,0.018848224538295714,18848.224538295715,2700,6.980823903072487,6.559924943105549e-06,0.0065599249431055485,2,25428.7737417
169,136.398406374502,0.0006,1,187.1102858124902,12.510336763130127,2.557,15.131772911406134,54.34235511355351,54342355.11355351,2700,20126.798190205005,0.0016088134613227803,1.6088134613227802,2,26223.3497752
171,68.0,0.0006,1,17.058823451883896,0.3721861261136035,0.011,22.083332824707032,0.0009253750971579159,925.3750971579159,2700,0.34273151746589475,9.20860541054348e-07,0.000920860541054348,2,26524.4688887
173,67.0,0.0006,1,20.69410641650525,0.5120306404029974,0.017,22.241667175292967,0.002403865352085761,2403.865352085761,2700,0.8903205007725041,1.738803170200461e-06,0.001738803170200461,2,28898.664784
174,69.875,0.0006,1,52.01496246975634,2.2171135875445107,0.444,21.402083587646484,0.6575162785489908,657516.2785489907,2700,243.5245476107373,0.0001098385526924873,0.10983855269248731,2,77391.0869431
176,76.0,0.0006,1,25.605285584349566,0.677786005346628,0.109,20.89166717529297,0.023712266553008454,23712.266553008456,2700,8.782320945558688,1.295736541663663e-05,0.01295736541663663,3,1525.80872589
177,76.0,0.0006,1,30.44440526522548,0.8960809140337331,0.525,20.633332824707033,0.17731058353621781,177310.5835362178,2700,65.67058649489549,7.328644709022707e-05,0.07328644709022707,3,1027.80396092
178,73.0,0.0006,1,28.19623758762127,0.8078980728111205,0.179,21.383332824707033,0.052315142250016856,52315.142250016856,2700,19.375978611117354,2.398319696901578e-05,0.023983196969015783,3,3563.63911389
179,70.0,0.0006,1,25.663497918833944,0.7088283202640216,0.109,21.758332824707033,0.02588572153529322,25885.72153529322,2700,9.587304272330822,1.3525566061976447e-05,0.013525566061976448,3,4316.54573361
180,147.12925170068027,0.0006,1,160.24339510672442,9.380964305376162,2.321,13.845181362645155,28.98362228028698,28983622.28028698,2700,10734.674918624807,0.0011443039936174623,1.1443039936174624,3,5284.62649314
181,77.5,0.0006,1,32.18676563588207,0.9707039353128183,0.391,20.6125,0.15108550637293,151085.50637293,2700,55.95759495293703,5.764640784618245e-05,0.05764640784618245,3,2653.69159112
183,79.6,0.0006,1,42.81615177902016,1.51763969694298,0.969,20.351666259765626,0.7688671549459152,768867.1549459152,2700,284.76561294293157,0.0001876371667903404,0.1876371667903404,3,9487.83372815
184,70.5,0.0006,1,37.52880794230141,1.3037774260848038,0.333,21.5125,0.21030741937333908,210307.41937333907,2700,77.89163680494039,5.9743047583548166e-05,0.05974304758354817,3,9937.32930043
185,89.5,0.0006,1,47.02120746826919,1.6647020341472027,0.94,18.929166793823242,0.8356816952445748,835681.6952445748,2700,309.51173897947217,0.00018592620939400097,0.18592620939400098,3,11706.563369
186,90.0,0.0006,1,41.8383766407385,1.3750611493973888,0.722,18.875,0.4704053423163212,470405.3423163212,2700,174.22420085789673,0.0001267028749479609,0.1267028749479609,3,11845.220076
188,133.16867469879517,0.0006,1,131.9193642133487,7.205289923405678,1.791,14.767670725627118,15.084080677898058,15084080.677898059,2700,5586.696547369651,0.0007753604097486508,0.7753604097486508,3,12960.9769521
189,83.0,0.0006,1,40.754108341720325,1.3724975945329645,0.907,19.791666666666664,0.6024540010488483,602454.0010488483,2700,223.13111149957342,0.00016257304376223757,0.16257304376223758,3,13817.2804397
190,85.0,0.0006,1,44.31252214532512,1.552309771453946,0.593,19.541666666666664,0.4782691910877925,478269.19108779245,2700,177.13673743992314,0.00011411171964343875,0.11411171964343875,3,15018.8961423
191,106.72222222222223,0.0006,1,73.90746835125228,3.1614476827387747,1.407,16.940277693006728,3.341490251070988,3341490.251070988,2700,1237.5889818781436,0.0003914627430449886,0.39146274304498857,3,15593.7251826
192,90.71428571428571,0.0006,1,53.32405118461674,2.0254524644474934,0.96,18.672618974958148,1.1616436171597873,1161643.6171597873,2700,430.23837672584716,0.0002124159338605897,0.21241593386058968,3,15295.5127696
194,81.33333333333333,0.0006,1,42.409665428294105,1.4784580785452157,0.642,20.025,0.4836516393854724,483651.6393854724,2700,179.13023680943422,0.0001211601731620934,0.1211601731620934,3,17276.9854437
195,82.6,0.0006,1,47.23741868561666,1.7457076715108764,0.924,19.718333129882815,0.9014696272698208,901469.6272698208,2700,333.87763972956327,0.00019125632840955473,0.19125632840955473,3,17711.6732992
196,74.0,0.0006,1,27.376058956815307,0.7651108236577385,0.181,20.933333587646484,0.047617160362864897,47617.160362864895,2700,17.63598531957959,2.305023635042549e-05,0.02305023635042549,3,16769.2272035
197,108.0,0.0006,1,78.21959022295373,3.4436805558984243,1.551,17.048333473205567,4.2734967190851645,4273496.719085164,2700,1582.7765626241348,0.00045961770754639674,0.45961770754639675,3,17820.3575612
198,71.0,0.0006,1,31.3968830584488,0.9743252268185847,0.384,21.31388905843099,0.1502227328210412,150222.7328210412,2700,55.63804919297822,5.710418622193572e-05,0.05710418622193572,3,18238.8790465
199,71.0,0.0006,1,21.470353082062932,0.5278354393866741,0.136,21.275,0.019674217119491112,19674.217119491113,2700,7.286747081293005,1.3804959912809084e-05,0.013804959912809084,3,19468.8246393
200,75.66666666666667,0.0006,1,37.04656464799043,1.2324982591456672,0.392,20.57222239176432,0.2209290292161708,220929.0292161708,2700,81.82556637635956,6.639000564031523e-05,0.06639000564031523,3,19656.6787176
203,72.0,0.0006,1,26.951755600109145,0.756366412776536,0.098,21.291667175292968,0.025521505521543947,25521.505521543946,2700,9.452409452423684,1.2497130085040332e-05,0.012497130085040333,3,21420.751298
204,79.6,0.0006,1,59.43220507769228,2.5755442798238684,0.664,20.088333587646485,1.2250508224306185,1225050.8224306186,2700,453.72252682615505,0.00017616568675619251,0.1761656867561925,3,21592.9473315
205,92.375,0.0006,1,69.7341795166509,3.0940140608538824,1.053,18.53958330154419,2.5272462958042,2527246.2958042,2700,936.0171465941482,0.0003025251754466259,0.30252517544662594,3,21000.2854021
206,73.0,0.0006,1,34.27797285846545,1.107055581031584,0.173,20.958332824707032,0.08255409913831452,82554.09913831452,2700,30.57559227344982,2.761884118316685e-05,0.027618841183166848,3,22569.4059367
207,72.0,0.0006,1,28.736784909802786,0.8387902868206107,0.132,21.19166717529297,0.04045590084599654,40455.90084599654,2700,14.983666979998718,1.786342452389798e-05,0.01786342452389798,3,24354.9721681
208,76.0,0.0006,1,37.974343404341695,1.2798473130214754,0.213,20.699999491373696,0.1285729542901479,128572.9542901479,2700,47.61961270005478,3.7207260753342487e-05,0.037207260753342485,3,24529.3231258
209,124.88888888888889,0.0006,1,135.8565721929338,7.801727276864311,1.619,15.59612790502683,16.057809623183694,16057809.623183694,2700,5947.336897475442,0.0007623102790470536,0.7623102790470536,3,25704.3121033
211,72.0,0.0006,1,26.0746169718963,0.7170612132729474,0.073,21.166667175292968,0.017334078564525107,17334.078564525105,2700,6.420029097972261,8.953251102048514e-06,0.008953251102048514,3,23274.5320668
212,77.5,0.0006,1,44.2433805142375,1.6215979457816112,0.334,20.275000381469727,0.2915077306794348,291507.7306794348,2700,107.96582617756843,6.657989821609501e-05,0.06657989821609502,3,23843.421975
213,71.5,0.0006,1,38.11804967701449,1.3275709479922921,0.147,21.37916717529297,0.09542183853296565,95421.83853296566,2700,35.34142167887617,2.6621117110406487e-05,0.026621117110406486,3,26628.1622163
214,102.0,0.0006,1,25.507365998832174,0.5814540772908193,0.363,17.15833282470703,0.055426058670911625,55426.058670911625,2700,20.528169878115417,3.530488594002596e-05,0.035304885940025954,4,216.368784782
215,130.4,0.0006,1,52.44372239676172,1.6446004840036212,1.185,14.395000152587892,0.8827448613738837,882744.8613738838,2700,326.9425412495866,0.00019879754653463104,0.19879754653463105,4,413.369165701
216,101.0,0.0006,1,46.028013322956674,1.5140256493302329,0.504,17.133333587646483,0.361059785953076,361059.785953076,2700,133.7258466492874,8.832469034355157e-05,0.08832469034355157,4,1526.91143822
217,165.02777777777777,0.0006,1,108.34994099071018,4.7119775730231055,1.986,12.361805619133843,7.5204581483074335,7520458.148307433,2700,2785.354869743494,0.0005911222680027463,0.5911222680027464,4,2419.94729377
218,142.75,0.0006,1,60.01684369911135,1.9538645117165667,1.428,13.593749809265137,1.365797543345075,1365797.543345075,2700,505.8509419796574,0.00025889765587443024,0.25889765587443025,4,523.627531273
219,100.0,0.0006,1,25.405706038265176,0.5834695220768172,0.171,17.333332824707032,0.026362031883284686,26362.031883284686,2700,9.76371551232766,1.673389121950094e-05,0.01673389121950094,4,2950.18809047
220,97.0,0.0006,1,25.658362933763705,0.6019550224121752,0.219,17.85833282470703,0.03624342769846518,36243.42769846518,2700,13.42349174017229,2.2299825137069553e-05,0.022299825137069552,4,3422.97279175
221,105.0,0.0006,1,34.627852880149526,0.9383174824715599,0.512,16.508332824707033,0.16477821700512119,164778.21700512117,2700,61.02896926115599,6.504085280432336e-05,0.06504085280432337,4,3790.6941146
222,95.0,0.0006,1,28.79747384755517,0.732715881129906,0.225,18.025,0.05134510414828293,51345.10414828293,2700,19.01670524010479,2.59537233051091e-05,0.0259537233051091,4,3989.92785948
223,203.56382978723406,0.0006,1,156.17959130621102,7.65161965720137,2.007,10.525443275938644,15.146652932049184,15146652.932049183,2700,5609.871456314512,0.0007331613054021506,0.7331613054021506,4,4682.93637825
224,97.0,0.0006,1,28.918412035666623,0.7300407503255708,0.374,17.80833282470703,0.08436603920414695,84366.03920414695,2700,31.24668118672109,4.280128358969858e-05,0.04280128358969858,4,4852.75685204
226,94.0,0.0006,1,30.381322114269114,0.8030399525576657,0.326,18.35,0.08756866744727451,87568.6674472745,2700,32.43283979528685,4.0387579337726505e-05,0.040387579337726506,4,5303.05896903
227,95.5,0.0006,1,39.818835980627746,1.2324982591456672,0.695,18.079166412353516,0.36998944265361156,369989.44265361154,2700,137.033126908745,0.00011118322147061893,0.11118322147061893,4,5435.24565769
228,107.5,0.0006,1,36.98573507567694,1.0312958620480417,0.683,16.370833587646484,0.25589410289972625,255894.10289972625,2700,94.77559366656527,9.18995189977309e-05,0.0918995189977309,4,7495.21240946
229,112.6,0.0006,1,63.747143616633885,2.424662727650212,1.115,16.025833282470703,1.6571384886290872,1657138.488629087,2700,613.7549957885508,0.0002531300493010641,0.2531300493010641,4,8020.23940622
232,109.0,0.0006,1,37.40558071497904,1.0429919271435122,0.736,16.054166412353517,0.27658853472888567,276588.5347288857,2700,102.44019804773544,9.82176327369023e-05,0.0982176327369023,4,10043.9630692
234,114.5,0.0006,1,50.60997747906758,1.6571630108169502,1.135,15.830555725097657,0.9041586630191788,904158.6630191788,2700,334.8735788959921,0.00020207642622369767,0.20207642622369767,4,9430.07163535
235,96.0,0.0006,1,29.327615590390128,0.7506539859772479,0.449,18.06666717529297,0.10715000253478381,107150.00253478381,2700,39.685186123994,5.286748204278083e-05,0.05286748204278083,4,11622.9041851
236,144.08,0.0006,1,93.92280036683393,4.004856071099876,1.67,13.578666625976563,5.117793909311086,5117793.909311086,2700,1895.4792256707726,0.00047329521761070586,0.47329521761070587,4,12218.3112033
238,99.5,0.0006,1,40.66675804333388,1.2492119320723984,0.708,17.566666412353516,0.3790962931811848,379096.2931811848,2700,140.40603451154993,0.00011239568795874474,0.11239568795874474,4,12450.9291833
239,106.0,0.0006,1,36.79975446798246,1.0301569375017487,0.794,16.67083282470703,0.3010768487826632,301076.84878266323,2700,111.50994399357897,0.00010824558854498776,0.10824558854498777,4,13892.6386626
240,111.5,0.0006,1,71.66450079933315,2.9429880713753063,1.329,16.176389058430992,2.7205104392164072,2720510.439216407,2700,1007.5964589690396,0.00034237191403163706,0.3423719140316371,4,14438.7389128
241,93.5,0.0006,1,37.08460217537111,1.1105846163806172,0.445,18.525,0.20371112909208036,203711.12909208037,2700,75.44856633040014,6.793590080176526e-05,0.06793590080176526,4,15900.3993237
242,92.5,0.0006,1,38.614933502449,1.1918232723986315,0.654,18.745833587646484,0.33853292127334456,338532.92127334455,2700,125.38256343457205,0.00010520231173387851,0.1052023117338785,4,17462.7836192
243,95.6,0.0006,1,44.449516131555,1.4710285939440193,0.785,18.281666870117185,0.5630213326483117,563021.3326483116,2700,208.52641949937467,0.00014175551743714795,0.14175551743714795,4,17673.3059809
245,90.5,0.0006,1,44.22741488396441,1.4997432941224502,0.727,19.0,0.5497278585949147,549727.8585949147,2700,203.60291059070914,0.0001357585070649334,0.1357585070649334,4,18441.5655323
246,98.3157894736842,0.0006,1,75.60561924930313,3.4167585644551495,1.061,18.003947368421052,2.960756800701667,2960756.800701667,2700,1096.5765928524693,0.00032094061437651914,0.32094061437651916,4,19566.6417262
247,173.247311827957,0.0006,1,145.37985179110595,7.388848854941993,2.131,12.374820766654066,16.996309155684813,16996309.155684814,2700,6294.929316920301,0.0008519499370608955,0.8519499370608955,4,19264.8884205
248,79.5,0.0006,1,33.8815163462257,1.0411143523948199,0.482,20.958333587646486,0.21380423797790915,213804.23797790916,2700,79.18675480663302,7.605961307178596e-05,0.07605961307178596,4,22538.5400984
251,74.0,0.0006,1,26.69959356014025,0.7348489740887011,0.339,21.65,0.08639957212937904,86399.57212937904,2700,31.999841529399646,4.354614711013675e-05,0.04354614711013675,4,23060.6836923
252,79.25,0.0006,1,36.84558499744262,1.1937916028435807,0.364,21.00625,0.20179720177240446,201797.20177240446,2700,74.7397043601498,6.260699453918235e-05,0.06260699453918235,4,23378.6258877
253,129.8170731707317,0.0006,1,130.26992790861235,7.15110379549268,2.168,15.484044712345774,18.763428622666343,18763428.622666344,2700,6949.418008394942,0.0009717965515722398,0.9717965515722399,4,24427.4999406
255,72.0,0.0006,1,31.354892705794885,0.9654492012474071,0.205,21.80833282470703,0.08120117702602724,81201.17702602723,2700,30.074510009639717,3.115079485361011e-05,0.03115079485361011,4,25066.0171863
256,118.53333333333333,0.0006,1,104.70123284791875,5.260978392854953,1.984,16.20388882107205,10.625037867312763,10625037.867312763,2700,3935.199210115838,0.0007479975997355009,0.7479975997355008,4,26603.9594052
257,73.0,0.0006,1,33.100395057357375,1.0463630716294567,0.326,21.804167175292967,0.14771477417170273,147714.77417170274,2700,54.709175619149164,5.228507876711751e-05,0.05228507876711751,4,27466.2151809
258,78.0,0.0006,1,39.197914155269544,1.3296326234741784,0.519,21.333332824707032,0.3462357728615128,346235.7728615128,2700,128.23547143018993,9.644428781773214e-05,0.09644428781773215,4,27990.2110512
259,88.14285714285714,0.0006,1,74.51681855988821,3.525100033057284,0.796,19.742063395182292,2.476752503598919,2476752.5035989187,2700,917.3157420736736,0.00026022403150871576,0.26022403150871576,4,29770.4256483
260,78.0,0.0006,1,40.26776671712798,1.3886535175100267,0.583,21.147916412353517,0.4136555283180737,413655.52831807366,2700,153.20575122891617,0.0001103268376863561,0.1103268376863561,4,31596.6680019
262,87.0,0.0006,1,24.366873731873955,0.5848092931222711,0.487,19.89166717529297,0.08282576842524628,82825.76842524628,2700,30.676210527868992,5.2455066786114235e-05,0.05245506678611424,4,32131.0091485
264,77.0,0.0006,1,28.46233870820959,0.7986423779267688,0.266,21.40833282470703,0.0776673824283843,77667.3824283843,2700,28.76569719569789,3.601824545095145e-05,0.03601824545095145,4,35177.5578135
265,141.5491452991453,0.0006,1,229.83397797791613,17.111142562870803,2.01,14.838728635739056,70.37805237407012,70378052.37407012,2700,26065.945323729677,0.0015233316669507363,1.5233316669507364,4,34583.9260352
266,81.5,0.0006,1,36.08160411567981,1.1380793567503582,0.408,20.725,0.20833600680487702,208336.00680487702,2700,77.1614840018063,6.779973957363674e-05,0.06779973957363675,4,36655.6806853
268,81.5,0.0006,1,32.55753786666969,0.9642325035979782,0.442,20.775,0.1729608750003519,172960.8750003519,2700,64.05958333346366,6.643582651946394e-05,0.06643582651946393,4,36828.4843013
269,86.66666666666667,0.0006,1,40.10037338046704,1.3085707416128802,0.637,20.06111094156901,0.4023382146703453,402338.2146703453,2700,149.01415358160938,0.00011387550465780842,0.11387550465780842,4,38761.921756
270,87.2,0.0006,1,48.041551290616205,1.7459318106491837,0.665,19.880000000000003,0.6653245917835622,665324.5917835622,2700,246.41651547539342,0.000141137536971601,0.141137536971601,4,39593.2455751
271,80.25,0.0006,1,45.80094281474687,1.6850282487639026,0.528,20.81875,0.509004271677954,509004.271677954,2700,188.52010062146445,0.00011187948971167599,0.11187948971167598,4,40990.677924
272,95.96428571428571,0.0006,1,82.75511450192626,4.000945841627092,1.088,18.612499836512974,4.022929012923455,4022929.012923455,2700,1489.9737084901685,0.0003724053679977409,0.37240536799774093,4,43440.7137651
273,110.0,0.0006,1,69.04240133683103,2.7900989508742575,1.092,17.218055725097656,2.1731689517387816,2173168.9517387818,2700,804.8773895328821,0.0002884762883698729,0.28847628836987294,4,46517.0163623
274,117.44444444444444,0.0006,1,64.34147622633473,2.409931856704337,1.062,16.484259541829427,1.6286996180249842,1628699.6180249841,2700,603.2220807499941,0.0002503066960469665,0.2503066960469665,4,46320.3950182
276,95.0,0.0006,1,35.48116121422593,1.025970063973636,0.379,18.64166717529297,0.15431485108227608,154314.8510822761,2700,57.15364854899114,5.570693586090812e-05,0.05570693586090812,4,48635.4055767
277,93.0,0.0006,1,24.73381303893376,0.5794316221985876,0.299,18.758332824707033,0.04822918715527633,48229.18715527633,2700,17.862661909361606,3.082790311233578e-05,0.030827903112335776,4,49073.0138315
278,125.05882352941177,0.0006,1,76.88428299278173,3.1125499400473347,1.067,15.83235294117647,2.425576796645926,2425576.796645926,2700,898.3617765355281,0.0002886256586526821,0.2886256586526821,4,49314.9855871
279,100.0,0.0006,1,30.782020344359115,0.7952052290867123,0.361,18.041667175292968,0.09565583503568706,95655.83503568707,2700,35.42808705025447,4.455213038644549e-05,0.044552130386445496,4,50248.4074623
280,176.48214285714286,0.0006,1,126.65055573341984,5.8607256207287355,1.479,12.894196374075753,8.493216482584739,8493216.48258474,2700,3145.635734290644,0.0005367314455337885,0.5367314455337885,4,50485.1605969
281,102.0,0.0006,1,26.078717284838962,0.6026047312061636,0.331,17.69166717529297,0.05521623218011219,55216.232180112194,2700,20.450456363004516,3.393676701155535e-05,0.033936767011555354,4,51422.4722379
282,109.0,0.0006,1,24.64912290316919,0.5322649053444967,0.327,17.008332824707033,0.04378144094679701,43781.440946797,2700,16.215348498813704,3.0464808661992615e-05,0.030464808661992616,4,52094.6886935
283,120.0,0.0006,1,32.48417678200006,0.7917531590800111,0.475,15.966667175292969,0.1170363590750889,117036.3590750889,2700,43.346799657440336,5.474787079827729e-05,0.054747870798277296,4,52039.1421072
284,128.5,0.0006,1,53.60569724109497,1.7163203593579395,0.907,15.379166412353516,0.7700175740296614,770017.5740296614,2700,285.19169408505974,0.000166164604719685,0.166164604719685,4,52994.4970997
285,120.0,0.0006,1,26.334195306639668,0.5643788775085906,0.222,16.03333282470703,0.03174087072856423,31740.870728564227,2700,11.755878047616381,2.0829762622428125e-05,0.020829762622428125,4,53550.8887249
286,191.1,0.0006,1,76.23382405702307,2.4836578220109216,1.159,12.208333511352539,1.6074243350952848,1607424.3350952847,2700,595.3423463315869,0.00023970385173653318,0.2397038517365332,4,54078.2976812
287,129.5,0.0006,1,35.44009013605238,0.8771024128963966,0.516,15.283333587646485,0.1470835718834545,147083.5718834545,2700,54.47539699387204,6.210836521812952e-05,0.06210836521812953,4,54551.9799471
288,192.91666666666666,0.0006,1,80.95285956685657,2.7233846616313158,1.002,12.121527926127117,1.6066360952303402,1606636.0952303403,2700,595.0504056408668,0.00021849664280786164,0.21849664280786166,4,55538.6586468
289,145.0,0.0006,1,37.53936532742951,0.9095174597030311,0.424,14.35,0.12464273623209973,124642.73623209973,2700,46.16397638225916,5.075655875515823e-05,0.05075655875515823,4,56306.0729464
291,154.0,0.0006,1,24.702057672695993,0.44934860712046093,0.167,13.875,0.015431823394129247,15431.823394129247,2700,5.715490145973796,1.2719501196632378e-05,0.012719501196632378,4,57695.3531579
293,162.0,0.0006,1,31.01413925690414,0.6323885483768222,0.334,13.375,0.05256966837554134,52569.66837554134,2700,19.470247546496793,3.078842524342334e-05,0.030788425243423338,4,57911.3535816
294,191.0,0.0006,1,51.27471983785729,1.310363714467913,0.419,12.119444529215496,0.20471192545582412,204711.92545582412,2700,75.81923165030523,5.786121121424095e-05,0.05786121121424095,4,58640.9811998
295,69.0,0.0006,1,31.696562593171517,1.0036050091600084,0.591,22.0375,0.2485856436282599,248585.64362825992,2700,92.06875689935552,9.173804042330828e-05,0.09173804042330828,5,15.9427249475
298,76.0,0.0006,1,35.73912228141543,1.1605503369258912,0.869,20.758332824707033,0.44892248897003634,448922.4889700363,2700,166.26758850742087,0.00014326615849152792,0.1432661584915279,5,1570.9284431
299,103.11764705882354,0.0006,1,73.06581168412927,3.1573604829913897,1.557,17.726960754394533,3.8204324787211568,3820432.4787211567,2700,1414.9749921189468,0.00044815123256953913,0.44815123256953915,5,1097.70761038
300,89.0,0.0006,1,35.25217768785505,1.0489775827554682,0.673,19.170833587646484,0.286259210789484,286259.21078948403,2700,106.02192992203112,0.00010107168319415494,0.10107168319415494,5,3621.09810264
301,89.0,0.0006,1,34.74671731276298,1.0248252206965027,0.789,19.216666412353515,0.3239439627299291,323943.9627299291,2700,119.97924545552928,0.00011707288524182465,0.11707288524182465,5,2527.40312821
302,112.21052631578948,0.0006,1,78.40959844273787,3.3917000810285294,1.522,16.887719244706002,4.101319232775582,4101319.232775582,2700,1519.0071232502155,0.0004478600958105878,0.4478600958105878,5,4641.68542119
303,79.0,0.0006,1,25.106693275989798,0.6440379836232822,0.504,20.55,0.10048346709018043,100483.46709018042,2700,37.21609892228904,5.7785565244018105e-05,0.05778556524401811,5,6787.48799269
304,89.0,0.0006,1,50.39562511035788,1.86680903619009,1.063,19.433333260672434,1.1660697908366366,1166069.7908366367,2700,431.8777003098654,0.0002313454091647588,0.23134540916475882,5,8058.79245228
305,86.33333333333333,0.0006,1,49.14820958407661,1.820325167767419,0.842,19.68888905843099,0.8899000455256414,889900.0455256414,2700,329.59260945394124,0.00018106249108129285,0.18106249108129285,5,9086.95337484
306,94.5,0.0006,1,38.984355179125025,1.1973918050215477,1.082,18.479166412353514,0.5599993517844492,559999.3517844492,2700,207.40716732757377,0.00017321578990081812,0.17321578990081812,5,5681.11432509
307,96.75,0.0006,1,46.71797956417041,1.584494465724621,1.184,18.39375,0.9672706524146665,967270.6524146665,2700,358.2483897832098,0.0002260963338987591,0.2260963338987591,5,6328.23854576
308,141.42857142857142,0.0006,1,85.8434643808333,3.4963432429238646,1.683,15.046428498767671,4.560265096898298,4560265.096898298,2700,1688.9870729252955,0.0004830724432858763,0.4830724432858763,5,10401.4740555
309,80.0,0.0006,1,26.94032059259514,0.7170612132729474,0.227,20.64166717529297,0.05431013345745458,54310.133457454576,2700,20.114864243501696,2.805180906618781e-05,0.028051809066187813,5,11274.3184535
311,125.88235294117646,0.0006,1,75.98298651510324,3.0439047413299614,1.553,16.350980377197267,3.523821654793915,3523821.654793915,2700,1305.1191314051537,0.00042876477495643083,0.42876477495643084,5,12885.2507905
312,99.28571428571429,0.0006,1,53.72636695622822,1.9596638255131722,1.383,18.197618974958147,1.5898532821962843,1589853.2821962843,2700,588.8345489615867,0.0003004773274351738,0.3004773274351738,5,11695.6897077
313,92.8,0.0006,1,50.1911008384247,1.8162362368855223,0.465,18.88666687011719,0.4803508691686656,480350.8691686656,2700,177.907729321728,9.795406880924464e-05,0.09795406880924465,5,14408.226117
314,154.375,0.0006,1,95.29134792403691,3.960347009021609,1.558,14.321875063578286,5.052488057321705,5052488.057321705,2700,1871.291873082113,0.0004725070476954013,0.4725070476954013,5,13779.6674891
315,155.625,0.0006,1,136.4337807684627,7.036922370592996,1.342,13.958541698455809,10.790671927226931,10790671.92722693,2700,3996.5451582321966,0.0005679393558373746,0.5679393558373745,5,16276.6767277
317,94.0,0.0006,1,31.490036991221004,0.8508331710445205,0.308,18.40833282470703,0.09114524333064113,91145.24333064113,2700,33.75749752986708,3.9675812695954115e-05,0.03967581269595411,5,16902.7994792
318,106.66666666666667,0.0006,1,42.534803021123075,1.2971576964049074,0.551,17.183333333333334,0.3134349827713999,313434.9827713999,2700,116.08703065607403,8.949338309275043e-05,0.08949338309275043,5,15701.4168788
320,102.0,0.0006,1,25.814398973485012,0.5927843335479573,0.193,17.81666717529297,0.03157139427865017,31571.39427865017,2700,11.693108992092656,1.972573890761683e-05,0.01972573890761683,5,17589.3457746
321,102.0,0.0006,1,27.064572766281167,0.6397707658965591,0.117,17.56666717529297,0.02135266331786545,21352.66331786545,2700,7.908393821431647,1.2361292892695742e-05,0.012361292892695743,5,18822.1763091
322,181.76777251184834,0.0006,1,193.06142421287885,11.398487090597081,1.611,12.76812798378027,27.15918512773907,27159185.12773907,2700,10058.957454718175,0.0008824818043629736,0.8824818043629736,5,18020.7081005
324,109.5,0.0006,1,36.21000369221665,0.987489685391109,0.421,16.925,0.15287031506982637,152870.31506982638,2700,56.61863521104681,5.733592567969174e-05,0.057335925679691736,5,20814.0350858
325,119.0,0.0006,1,40.55106553602227,1.1370473970186459,0.33,16.21666717529297,0.1480497343588101,148049.73435881012,2700,54.83323494770745,4.8224229782752204e-05,0.048224229782752204,5,20902.9645815
326,190.38709677419354,0.0006,1,109.16380081154855,4.44022390524454,1.378,12.412634449620402,4.974483017768876,4974483.017768877,2700,1842.4011176921765,0.00041493428192124204,0.41493428192124204,5,20462.7203233
331,122.0,0.0006,1,49.228452791353114,1.5353275061722504,0.576,15.888888549804687,0.41503475843614346,415034.75843614346,2700,153.71657719857166,0.00010011973118478474,0.10011973118478473,5,21715.2790466
332,115.5,0.0006,1,39.69615313325998,1.1151556662564286,0.561,16.491666412353517,0.24573248403080014,245732.48403080014,2700,91.01203112251858,8.161374584415237e-05,0.08161374584415237,5,19552.9090884
336,125.0,0.0006,1,36.40936136843873,0.932460784700579,0.325,15.691667175292968,0.10388368269606184,103883.68269606183,2700,38.475438035578456,4.12622586031146e-05,0.0412622586031146,5,23268.8828647
337,138.33333333333334,0.0006,1,37.45576335137001,0.9278331591894657,0.439,14.697222391764322,0.13453633056424807,134536.33056424808,2700,49.82827057935114,5.370391226681315e-05,0.05370391226681315,5,23749.269763
339,159.1,0.0006,1,69.64267639128737,2.3525814745380367,0.774,13.630833206176757,1.0371336859925955,1037133.6859925955,2700,384.123587404665,0.0001632774854184777,0.1632774854184777,5,24294.0284046
342,200.08695652173913,0.0006,1,99.18373130554657,3.710699969315117,0.956,11.943478227698284,2.5213680656726942,2521368.0656726942,2700,933.8400243232201,0.0002516614202294503,0.25166142022945026,5,25502.7312443
